ID,City,Lat,Lng,Max Temp,Humidity,Cloudiness,Wind Speed,Country,Date
0,Chokurdakh,70.63,147.92,30.34,96,99,14.03,RU,1601768024
1,Torbay,47.67,-52.73,60.01,87,90,17.22,CA,1601768024
2,Qaanaaq,77.48,-69.36,23.95,89,100,0.56,GL,1601768024
3,Bredasdorp,-34.53,20.04,59.0,93,40,8.05,ZA,1601768024
4,Arraial do Cabo,-22.97,-42.03,75.2,94,75,8.05,BR,1601768024
5,Pisco,-13.7,-76.22,63.0,82,40,20.8,PE,1601768024
6,Vaini,-21.2,-175.2,75.2,88,90,13.87,TO,1601768024
7,Mataura,-46.19,168.86,48.99,96,100,10.0,NZ,1601768024
8,East London,-33.02,27.91,62.26,83,97,10.04,ZA,1601768024
9,Burnie,-41.07,145.92,57.0,90,100,4.0,AU,1601768025
10,Kapaa,22.08,-159.32,87.8,66,40,10.29,US,1601768025
11,Lüderitz,-26.65,15.16,55.04,82,0,6.58,NA,1601768025
12,Hermanus,-34.42,19.23,59.0,85,20,5.01,ZA,1601768025
13,Aklavik,68.22,-135.01,51.8,76,40,3.36,CA,1601768025
14,Codrington,-38.27,141.97,61.09,87,100,4.65,AU,1601768025
15,Cidreira,-30.18,-50.21,57.31,90,100,16.96,BR,1601768025
16,Marawi,8.0,124.29,80.01,81,83,1.99,PH,1601768025
17,Esperance,-33.87,121.9,48.2,100,75,11.41,AU,1601768025
18,Motomachi,43.82,144.1,64.0,87,40,5.82,JP,1601768025
19,Punta Arenas,-53.15,-70.92,46.4,61,75,23.04,CL,1601768025
20,Avarua,-21.21,-159.78,78.8,69,30,13.87,CK,1601768026
21,Ushuaia,-54.8,-68.3,42.8,75,40,6.51,AR,1601767880
22,Albany,42.6,-73.97,53.01,66,27,5.17,US,1601768026
23,Morris,40.83,-74.53,55.0,81,20,3.36,US,1601768026
24,Butaritari,3.07,172.79,81.18,71,99,8.59,KI,1601768026
25,Rikitea,-23.12,-134.97,73.24,79,6,17.56,PF,1601768026
26,Saint-Philippe,-21.36,55.77,71.6,78,90,14.99,RE,1601768026
27,Yellowknife,62.46,-114.35,50.0,76,75,17.22,CA,1601768026
28,Saldanha,-33.01,17.94,55.4,82,0,2.24,ZA,1601768026
29,Nanortalik,60.14,-45.24,35.56,86,94,8.1,GL,1601768026
30,Carutapera,-1.2,-46.02,78.82,83,91,7.7,BR,1601768026
31,Brasiléia,-11.02,-68.75,73.06,94,75,2.64,BR,1601767978
32,Saskylakh,71.92,114.08,21.29,96,80,14.29,RU,1601768026
33,Cape Town,-33.93,18.42,60.01,82,0,5.82,ZA,1601768027
34,Busselton,-33.65,115.33,54.0,64,52,12.46,AU,1601768027
35,Fortuna,40.6,-124.16,60.01,93,40,11.41,US,1601768027
36,Takoradze,4.88,-1.76,75.94,89,68,5.75,GH,1601768027
37,Sitka,57.05,-135.33,53.6,93,90,4.7,US,1601768027
38,Sakakah,29.97,40.21,78.8,21,0,4.7,SA,1601768027
39,Talnakh,69.49,88.4,24.8,85,0,29.08,RU,1601768027
40,Bambanglipuro,-7.95,110.28,78.64,79,59,9.33,ID,1601768027
41,Ancud,-41.87,-73.82,50.0,53,0,5.82,CL,1601768027
42,Olafsvik,64.89,-23.71,42.84,84,98,12.33,IS,1601768027
43,Ninh Binh,20.25,105.97,80.49,88,100,1.01,VN,1601768027
44,Adrar,20.5,-10.07,85.23,24,0,8.68,MR,1601768028
45,Ribeira Grande,38.52,-28.7,68.77,84,79,16.89,PT,1601768028
46,Richards Bay,-28.78,32.04,67.35,94,100,10.42,ZA,1601768028
47,Lorengau,-2.02,147.27,85.42,66,33,10.13,PG,1601768028
48,Salinópolis,-0.61,-47.36,80.71,80,96,13.09,BR,1601768028
49,Bengkulu,-3.8,102.27,77.27,81,100,7.49,ID,1601768028
50,Fuyang,32.9,115.82,61.23,72,75,9.22,CN,1601768028
51,Sorong,-0.88,131.25,80.58,84,90,6.06,ID,1601768028
52,Baoro,5.67,15.97,67.91,92,7,2.46,CF,1601768028
53,Guilin,25.28,110.29,75.2,100,90,7.34,CN,1601767806
54,Barrow,71.29,-156.79,33.8,86,40,14.99,US,1601768006
55,Flinders,-34.58,150.86,70.0,70,65,14.0,AU,1601768029
56,Arrondissement de Beaune,47.08,4.75,51.8,93,75,18.34,FR,1601768029
57,Oranjemund,-28.55,16.43,56.39,88,0,1.34,NA,1601768029
58,Atuona,-9.8,-139.03,78.42,74,16,22.35,PF,1601768029
59,Nikolskoye,59.7,30.79,57.0,71,100,6.71,RU,1601768029
60,Tommot,58.96,126.29,33.67,86,58,2.35,RU,1601768029
61,San Quintín,30.48,-115.95,81.88,41,0,4.54,MX,1601768029
62,Chui,-33.7,-53.46,50.61,79,42,10.49,UY,1601768029
63,Port Macquarie,-31.43,152.92,75.99,52,2,1.99,AU,1601768029
64,Kapoeta,4.77,33.59,74.16,79,67,5.39,SS,1601768029
65,Great Yarmouth,52.61,1.73,55.99,97,90,8.01,GB,1601767926
66,Abū Zabad,12.35,29.25,79.02,57,51,8.79,SD,1601768030
67,Neiafu,-18.65,-173.98,77.0,88,75,9.17,TO,1601768030
68,Kokologo,12.19,-1.89,78.24,72,54,5.08,BF,1601768030
69,New Norfolk,-42.78,147.06,51.01,93,100,2.51,AU,1601768030
70,Zemio,5.03,25.14,70.75,94,99,1.88,CF,1601768030
71,Ko Samui,9.54,99.94,80.6,78,20,2.24,TH,1601768030
72,Arroyos y Esteros,-25.07,-57.1,68.0,64,7,18.34,PY,1601768030
73,Ayagoz,47.97,80.44,36.41,80,0,1.57,KZ,1601768030
74,Manono,-7.3,27.42,71.91,66,1,0.87,CD,1601768030
75,Kaitangata,-46.28,169.85,52.0,78,100,5.01,NZ,1601768030
76,Thompson,55.74,-97.86,39.2,78,75,5.82,CA,1601768031
77,Cayenne,4.93,-52.33,78.8,100,90,9.28,GF,1601768031
78,Songea,-10.68,35.65,65.8,53,1,4.74,TZ,1601768031
79,Samarai,-10.62,150.67,79.21,85,81,16.24,PG,1601768031
80,Alta Floresta,-9.88,-56.09,81.95,44,39,2.55,BR,1601768031
81,Jamestown,42.1,-79.24,52.0,76,90,3.36,US,1601768031
82,Mar del Plata,-38.0,-57.56,45.0,56,75,11.41,AR,1601768031
83,Magadan,59.57,150.8,46.24,69,99,5.01,RU,1601768031
84,Mersing,2.43,103.84,77.0,88,99,3.36,MY,1601768031
85,Hobart,-42.88,147.33,51.8,93,75,4.7,AU,1601767742
86,Vila Franca do Campo,37.72,-25.43,69.8,83,40,10.29,PT,1601768031
87,Hobyo,5.35,48.53,79.09,78,74,14.43,SO,1601768031
88,Muros,42.78,-9.06,57.0,90,75,7.0,ES,1601768032
89,Mahébourg,-20.41,57.7,71.6,94,75,3.36,MU,1601768032
90,Tasiilaq,65.61,-37.64,32.0,81,5,11.41,GL,1601768032
91,Kavaratti,10.57,72.64,80.76,72,45,8.14,IN,1601767934
92,Hamilton,39.18,-84.53,61.0,77,90,3.02,US,1601767922
93,Saint Paul Harbor,57.79,-152.41,53.6,58,1,14.99,US,1601767787
94,La Reforma,18.1,-91.02,74.25,90,100,10.74,MX,1601768032
95,Norman Wells,65.28,-126.83,55.4,66,75,5.82,CA,1601768032
96,Makkah al Mukarramah,21.43,39.83,78.48,61,0,1.5,SA,1601767953
97,Castro,-24.79,-50.01,62.47,84,72,14.32,BR,1601767852
98,Barra Patuca,15.8,-84.28,81.05,79,86,5.73,HN,1601768032
99,Kirakira,-10.45,161.92,85.08,65,1,8.66,SB,1601768032
100,Puerto Escondido,15.85,-97.07,84.2,70,40,8.05,MX,1601768032
101,Hilo,19.73,-155.09,87.8,48,20,10.29,US,1601767852
102,Raudeberg,61.99,5.14,53.01,73,70,9.53,NO,1601768033
103,Ponta do Sol,32.67,-17.1,69.8,83,40,16.11,PT,1601768033
104,Harper,4.38,-7.72,76.8,88,61,8.3,LR,1601768033
105,Nyurba,63.28,118.33,32.05,97,100,10.56,RU,1601768033
106,Tuktoyaktuk,69.45,-133.04,44.6,93,90,6.93,CA,1601768033
107,Bastrop,32.76,-91.87,73.4,64,1,3.47,US,1601768033
108,Constantine,36.37,6.61,53.6,76,14,4.7,DZ,1601768033
109,Huarmey,-10.07,-78.15,62.87,83,34,10.74,PE,1601768033
110,Marin,38.07,-122.73,98.6,24,1,21.92,US,1601768033
111,Victor Harbor,-35.57,138.62,63.0,85,100,3.0,AU,1601768033
112,Sulangan,11.14,123.72,81.93,79,99,8.25,PH,1601768034
113,Lebu,-37.62,-73.65,45.7,77,1,4.38,CL,1601768034
114,Polessk,54.86,21.1,64.4,77,82,15.66,RU,1601768034
115,Carnarvon,-24.87,113.63,57.2,47,0,17.22,AU,1601768034
116,Provideniya,64.38,-173.3,38.46,74,74,11.59,RU,1601768034
117,Cabo San Lucas,22.89,-109.91,89.6,58,5,4.7,MX,1601768034
118,Geraldton,-28.77,114.6,50.0,81,0,10.29,AU,1601768034
119,Sjenica,43.27,20.0,58.05,64,67,8.57,RS,1601768034
120,Hong Kong,22.29,114.16,82.0,80,93,7.81,HK,1601767774
121,Cardoso,-20.08,-49.91,90.81,20,25,5.84,BR,1601768034
122,Bathsheba,13.22,-59.52,82.4,78,40,14.99,BB,1601768034
123,Pucallpa,-8.38,-74.55,73.4,88,75,3.85,PE,1601768034
124,Leningradskiy,69.38,178.42,31.19,95,100,14.85,RU,1601768034
125,Metro,-5.11,105.31,78.13,85,88,6.26,ID,1601768035
126,Manali,13.17,80.27,82.4,78,40,9.17,IN,1601768035
127,Medvezh'yegorsk,62.92,34.47,46.71,96,97,5.77,RU,1601768035
128,Pevek,69.7,170.31,33.24,91,100,9.8,RU,1601768035
129,Tazovsky,67.47,78.7,31.51,96,38,22.12,RU,1601768035
130,Portland,45.52,-122.68,80.01,44,20,3.36,US,1601767987
131,Philadelphia,39.95,-75.16,64.4,39,20,6.93,US,1601768035
132,Iralaya,15.0,-83.23,80.6,83,40,7.65,HN,1601768035
133,Katsuura,35.13,140.3,72.0,83,90,2.24,JP,1601768035
134,Mackay,-21.15,149.2,77.0,53,90,18.34,AU,1601768035
135,Ust'-Ilimsk,58.0,102.66,31.46,95,89,6.62,RU,1601768035
136,Turukhansk,65.82,87.98,42.3,94,100,6.08,RU,1601768035
137,Zhuhai,22.28,113.57,82.99,78,20,9.17,CN,1601768035
138,Port Alfred,-33.59,26.89,60.98,86,88,13.56,ZA,1601768036
139,Yar-Sale,66.83,70.83,29.98,95,46,16.2,RU,1601768036
140,Biltine,14.53,20.92,84.49,50,0,0.87,TD,1601768036
141,Cerrito,6.84,-72.69,71.6,100,75,9.17,CO,1601768036
142,Krasnoarmeysk,51.02,45.7,55.99,53,100,3.0,RU,1601768036
143,Aksay,47.26,39.87,57.2,41,64,11.18,RU,1601768036
144,Ayr,55.46,-4.63,48.99,100,75,6.93,GB,1601767817
145,Erfurt,50.98,11.03,48.0,93,33,9.17,DE,1601768036
146,Naze,28.37,129.48,80.6,69,20,8.05,JP,1601768036
147,Kahului,20.89,-156.47,93.2,46,20,23.04,US,1601768036
148,George Town,5.41,100.34,77.0,94,20,4.7,MY,1601768036
149,Puerto Ayora,-0.74,-90.35,68.0,83,88,8.99,EC,1601768037
150,Karoi,-16.81,29.69,67.1,35,0,5.5,ZW,1601768037
151,Cherskiy,68.75,161.3,32.34,89,8,7.23,RU,1601768037
152,Port-Gentil,-0.72,8.78,78.8,88,40,11.41,GA,1601768037
153,Havøysund,71.0,24.66,44.6,75,0,13.87,NO,1601768037
154,Sidi Ali,36.1,0.42,60.87,62,0,8.66,DZ,1601768037
155,Road Town,18.42,-64.62,80.01,82,100,11.01,VG,1601767982
156,Dikson,73.51,80.55,34.45,97,100,24.45,RU,1601768037
157,Bambous Virieux,-20.34,57.76,71.6,94,75,3.36,MU,1601768037
158,San Patricio,19.22,-104.7,89.6,66,5,11.41,MX,1601768037
159,Nuuk,64.18,-51.72,32.0,89,79,5.82,GL,1601768037
160,Karratha,-20.74,116.85,63.86,29,93,25.64,AU,1601768037
161,Pahrump,36.21,-115.98,97.0,3,0,1.99,US,1601767955
162,Krasnosel'kup,65.7,82.47,28.35,97,100,23.51,RU,1601768038
163,Miran Shah,33.01,70.07,68.25,24,0,4.12,PK,1601768038
164,Ibaté,-21.95,-48.0,72.91,72,39,19.82,BR,1601768038
165,Beyneu,45.32,55.2,49.5,47,0,4.0,KZ,1601768038
166,Ilo,-17.64,-71.34,62.37,77,17,8.99,PE,1601768038
167,Kasane,-17.82,25.15,74.41,29,66,4.74,BW,1601768038
168,Sakaiminato,35.55,133.23,68.0,94,75,1.12,JP,1601768038
169,Ternate,0.8,127.4,82.71,75,100,5.95,ID,1601768038
170,Namtsy,62.72,129.67,33.8,59,5,2.24,RU,1601768038
171,Pundaguitan,6.37,126.17,83.57,74,100,8.39,PH,1601768038
172,São João da Barra,-21.64,-41.05,75.16,85,8,9.53,BR,1601768038
173,Nizhniy Kuranakh,58.84,125.49,33.06,88,24,1.95,RU,1601768039
174,Severo-Kuril'sk,50.68,156.12,49.89,60,100,3.2,RU,1601768039
175,Nara,34.69,135.8,73.4,73,75,2.24,JP,1601768039
176,Longyearbyen,78.22,15.64,33.8,86,75,4.7,SJ,1601768039
177,Khovd,48.01,91.64,31.1,85,0,0.78,MN,1601768039
178,Hofn,64.25,-15.21,47.71,94,100,9.71,IS,1601768039
179,Kuusamo,65.97,29.18,44.6,87,90,11.41,FI,1601768039
180,Kavieng,-2.57,150.8,83.98,75,92,12.86,PG,1601768039
181,Yinchuan,38.47,106.27,40.17,55,0,7.45,CN,1601768039
182,Plaster Rock,46.91,-67.39,46.4,75,1,4.7,CA,1601768039
183,Guerrero Negro,27.98,-114.06,84.43,36,0,15.05,MX,1601768039
184,Quelimane,-17.88,36.89,71.6,100,40,2.24,MZ,1601768039
185,Saint-Pierre,-21.34,55.48,71.6,78,90,14.99,RE,1601768040
186,Linxia Chengguanzhen,35.6,103.21,46.15,55,49,1.19,CN,1601768040
187,Ciudad Bolivar,8.12,-63.55,81.48,74,54,9.53,VE,1601768040
188,Pasni,25.26,63.47,84.24,34,0,11.23,PK,1601768040
189,Maceió,-9.67,-35.74,73.4,88,73,4.7,BR,1601767819
190,North Battleford,52.78,-108.28,62.6,45,1,5.82,CA,1601768040
191,Jumla,29.27,82.18,50.99,59,0,4.21,NP,1601768040
192,San Matías,-16.37,-58.4,90.16,29,49,0.51,BO,1601768040
193,‘Āhuimanu,21.44,-157.84,84.2,58,40,10.29,US,1601768040
194,Iqaluit,63.75,-68.51,32.0,94,90,3.36,CA,1601768040
195,Necochea,-38.55,-58.74,43.0,63,5,3.0,AR,1601768041
196,Pareora,-44.49,171.21,57.99,74,78,3.0,NZ,1601768041
197,Nome,64.5,-165.41,50.0,76,90,6.93,US,1601768041
198,Makakilo City,21.35,-158.09,87.8,62,1,10.29,US,1601767956
199,Aripuanã,-9.17,-60.63,75.24,90,51,4.29,BR,1601768041
200,Quincy,42.25,-71.0,60.01,58,49,8.05,US,1601767892
201,Amahai,-3.33,128.92,80.38,84,99,5.88,ID,1601768041
202,Port Elizabeth,-33.92,25.57,60.8,93,90,11.41,ZA,1601767866
203,Bethel,41.37,-73.41,53.01,76,1,4.36,US,1601768029
204,Sechura,-5.56,-80.82,65.23,80,47,15.77,PE,1601768041
205,Northam,51.03,-4.22,53.01,83,100,17.0,GB,1601768041
206,Havelock,34.88,-76.9,64.4,68,75,10.29,US,1601768041
207,Nelson Bay,-32.72,152.15,75.99,64,0,8.05,AU,1601768042
208,Ahipara,-35.17,173.17,64.71,51,0,3.94,NZ,1601768042
209,Bluff,-46.6,168.33,48.99,96,100,10.0,NZ,1601768042
210,Buraidah,26.33,43.98,78.8,34,0,8.08,SA,1601768042
211,Regina,50.45,-104.62,55.4,43,75,4.7,CA,1601768042
212,Beberibe,-4.18,-38.13,80.6,78,75,9.17,BR,1601768042
213,Nokaneng,-19.67,22.27,78.71,27,3,3.56,BW,1601768042
214,Morant Bay,17.88,-76.41,81.0,88,40,27.51,JM,1601768042
215,Isangel,-19.55,169.27,77.0,73,75,9.17,VU,1601768043
216,La Rioja,42.25,-2.5,51.01,93,5,8.7,ES,1601768043
217,Nikol'sk,53.72,46.07,47.48,85,9,3.02,RU,1601768043
218,Mount Isa,-20.73,139.5,78.8,31,36,19.46,AU,1601768043
219,Buritis,-15.62,-46.42,81.68,24,0,1.5,BR,1601768043
220,Salalah,17.02,54.09,75.2,69,0,4.7,OM,1601768043
221,Licata,37.11,13.95,75.2,83,98,3.36,IT,1601768043
222,Comodoro Rivadavia,-45.87,-67.5,57.2,41,0,2.24,AR,1601767779
223,Marondera,-18.19,31.55,61.7,54,78,5.68,ZW,1601768043
224,Araouane,18.9,-3.53,93.67,29,60,6.26,ML,1601768043
225,The Valley,18.22,-63.06,81.0,69,20,8.05,AI,1601768043
226,Samandağ,36.08,35.98,78.8,57,0,9.17,TR,1601768044
227,Mujiayingzi,42.12,118.78,39.47,64,0,16.58,CN,1601768044
228,Manzhouli,49.6,117.43,39.33,86,99,15.82,CN,1601768044
229,Vostok,46.49,135.88,46.17,80,1,6.02,RU,1601768044
230,Kalianget,-7.05,113.93,82.9,66,98,9.31,ID,1601768044
231,Kiryat Gat,31.61,34.76,73.4,69,20,5.82,IL,1601768044
232,Ballina,-28.87,153.57,70.0,68,90,1.12,AU,1601768044
233,Sinnamary,5.38,-52.95,79.7,86,46,8.84,GF,1601768044
234,Mpongwe,-13.51,28.16,66.38,38,0,6.4,ZM,1601768044
235,Dingle,11.0,122.67,82.06,79,62,0.74,PH,1601768044
236,Kandrian,-6.22,149.55,82.69,80,53,11.81,PG,1601768044
237,Ambovombe,-25.17,46.08,66.09,81,94,15.46,MG,1601768045
238,Muli,2.92,73.57,78.12,86,100,14.23,MV,1601768045
239,Upernavik,72.79,-56.15,30.51,93,76,5.88,GL,1601768045
240,Kirya,-3.92,37.48,70.18,76,12,7.54,TZ,1601768045
241,Santa Rosa,14.31,121.11,82.4,88,75,2.24,PH,1601768045
242,Clyde River,70.47,-68.59,26.6,79,75,2.24,CA,1601768045
243,Billings Metropolitan Area,45.78,-108.5,73.0,26,75,8.05,US,1601767887
244,Port Hedland,-20.32,118.57,68.0,19,87,27.51,AU,1601768045
245,Pangnirtung,66.15,-65.71,27.57,93,70,1.28,CA,1601768045
246,Shingū,33.73,135.98,71.6,83,75,2.24,JP,1601768046
247,Mount Gambier,-37.83,140.77,57.2,93,90,9.17,AU,1601767854
248,Kupang,-10.17,123.58,82.4,69,20,11.41,ID,1601768046
249,Airai,-8.93,125.41,72.14,41,87,3.42,TL,1601768046
250,Nantucket,41.28,-70.1,60.8,63,1,6.93,US,1601767879
251,Mana,5.66,-53.78,79.66,87,53,9.66,GF,1601768046
252,Sarlat-la-Canéda,44.89,1.22,53.6,87,90,8.05,FR,1601768046
253,Deputatsky,69.3,139.9,24.33,94,69,14.74,RU,1601768046
254,Soyo,-6.13,12.37,76.1,84,95,11.45,AO,1601768046
255,Godineşti,45.0,22.97,63.66,55,33,4.27,RO,1601768046
256,Broken Hill,-31.95,141.43,82.4,23,55,17.22,AU,1601768047
257,Faanui,-16.48,-151.75,78.6,77,24,19.08,PF,1601768047
258,Narsaq,60.92,-46.05,35.6,55,90,3.36,GL,1601768047
259,Maïné Soroa,13.21,12.02,84.94,50,0,5.79,NE,1601768047
260,Bonthe,7.53,-12.51,77.47,89,99,7.11,SL,1601768047
261,Shache,38.42,77.24,48.7,49,38,8.14,CN,1601768047
262,Dhola,21.88,71.78,79.36,78,27,6.42,IN,1601768047
263,Øksfjord,70.24,22.35,50.0,71,5,21.92,NO,1601768047
264,Taltal,-25.4,-70.48,59.49,64,62,4.68,CL,1601768047
265,Mmabatho,-25.85,25.63,57.2,54,0,3.36,ZA,1601768047
266,Saint-Louis,16.33,-15.0,89.6,59,20,4.7,SN,1601768047
267,Caravelas,-17.71,-39.25,75.04,80,57,10.4,BR,1601768047
268,George Town,5.41,100.34,77.0,94,20,4.7,MY,1601768048
269,Pitimbu,-7.47,-34.81,77.0,83,75,5.82,BR,1601768048
270,Ozernovskiy,51.5,156.52,48.11,76,100,4.63,RU,1601768048
271,Seymchan,62.88,152.43,37.13,72,0,0.22,RU,1601768048
272,Nanyamba,-10.68,39.83,66.16,98,1,0.65,TZ,1601768048
273,Wanning,18.8,110.4,81.88,85,58,6.98,CN,1601768048
274,Port Hardy,50.7,-127.42,55.4,93,90,7.52,CA,1601768048
275,Yulara,-25.24,130.99,66.2,100,90,9.17,AU,1601768048
276,Bandundu Province,-3.32,17.37,74.82,87,7,2.35,CD,1601768048
277,Atar,20.52,-13.05,85.41,24,0,10.69,MR,1601768048
278,Ludvika,60.15,15.19,54.0,87,100,12.75,SE,1601768048
279,Effium,6.63,8.06,74.73,96,87,5.95,NG,1601768048
280,Torrington,41.8,-73.12,55.0,78,0,4.94,US,1601767976
281,Ginda,30.69,78.49,57.47,37,0,6.26,IN,1601768049
282,Berlevåg,70.86,29.09,46.45,81,50,19.17,NO,1601768049
283,Sarai Naurang,32.83,70.78,75.02,19,0,1.88,PK,1601768049
284,Saint George,37.1,-113.58,93.2,6,1,3.06,US,1601768023
285,Devonport,-41.17,146.35,59.0,94,100,3.38,AU,1601767864
286,Tahlequah,35.92,-94.97,69.8,52,1,3.36,US,1601768049
287,Waitati,-45.75,170.57,54.0,84,88,17.0,NZ,1601768049
288,Khatanga,71.97,102.5,23.07,98,95,13.09,RU,1601768049
289,Djambala,-2.54,14.75,69.37,89,10,1.61,CG,1601768049
290,Bāfq,31.61,55.41,63.88,29,0,2.42,IR,1601768050
291,Winnemucca,40.97,-117.74,87.8,6,1,8.05,US,1601767986
292,Te Anau,-45.42,167.72,57.65,82,93,6.38,NZ,1601768050
293,Klaksvík,62.23,-6.59,50.0,100,100,5.82,FO,1601768050
294,Lubao,14.92,120.55,80.6,83,75,4.7,PH,1601768050
295,Normandin,48.83,-72.53,39.2,77,40,4.7,CA,1601768050
296,Gwadar,25.12,62.33,85.03,42,0,7.36,PK,1601767842
297,Yurimaguas,-5.9,-76.08,74.52,91,90,4.38,PE,1601768050
298,Bariloche,-41.15,-71.31,39.99,74,75,3.36,AR,1601768050
299,Warrnambool,-38.38,142.48,60.64,85,100,4.79,AU,1601768050
300,Lethem,3.38,-59.8,83.34,61,12,7.11,GY,1601768051
301,São José da Coroa Grande,-8.9,-35.15,75.4,81,98,7.56,BR,1601768051
302,Chapais,49.78,-74.85,39.2,60,90,3.36,CA,1601768051
303,Lavrentiya,65.58,-171.0,38.68,75,94,15.12,RU,1601768051
304,Dutlwe,-23.98,23.9,63.19,23,0,11.05,BW,1601768051
305,Vao,-22.67,167.48,70.05,75,15,22.06,NC,1601768051
306,Calvinia,-31.47,19.78,54.63,65,0,7.23,ZA,1601768051
307,Pacifica,37.61,-122.49,78.8,41,1,18.34,US,1601767843
308,Saint-François,46.42,3.91,52.0,71,75,14.99,FR,1601768051
309,Ürümqi,43.8,87.6,46.4,45,75,2.24,CN,1601767810
310,Vung Tau,10.35,107.08,80.58,84,100,8.57,VN,1601768051
311,Tabou,4.42,-7.35,76.96,87,92,8.14,CI,1601768051
312,Fare,-16.7,-151.02,79.14,73,2,17.05,PF,1601768052
313,Aloleng,16.13,119.78,82.54,78,38,3.89,PH,1601768052
314,Berbera,10.44,45.01,83.52,58,0,6.58,SO,1601768052
315,Husavik,66.04,-17.34,37.4,93,90,6.93,IS,1601768052
316,Rypefjord,70.63,23.67,44.6,75,0,13.87,NO,1601768052
317,Puerto Maldonado,-12.6,-69.18,75.94,81,72,5.88,PE,1601768052
318,Malangali,-8.57,34.85,62.02,65,2,6.26,TZ,1601768052
319,Panshi,42.94,126.06,42.17,83,100,18.41,CN,1601768052
320,Great Falls,47.5,-111.3,75.99,23,1,5.82,US,1601768036
321,Sur,22.57,59.53,81.03,48,0,2.06,OM,1601768052
322,Tiksi,71.69,128.87,24.75,96,89,20.56,RU,1601768052
323,Pimentel,-6.84,-79.93,62.69,88,95,14.92,PE,1601768052
324,Barra de Tecoanapa,16.52,-98.75,81.01,68,41,4.05,MX,1601768052
325,Poletayevo,55.03,61.11,41.0,65,40,6.71,RU,1601768053
326,Cartagena del Chairá,1.33,-74.84,72.36,97,99,2.68,CO,1601767947
327,Anadyr,64.75,177.48,33.8,86,75,11.18,RU,1601768053
328,Umm Hājar,13.3,19.7,85.28,49,62,7.52,TD,1601768053
329,Santa Vitória do Palmar,-33.52,-53.37,50.74,80,44,9.91,BR,1601768053
330,Progreso,21.28,-89.67,75.99,94,90,11.41,MX,1601768053
331,Zahnitkiv,48.04,28.9,61.0,90,66,13.49,UA,1601768053
332,Urubichá,-15.38,-62.95,73.81,86,48,0.94,BO,1601768053
333,Basco,20.45,121.97,83.34,78,31,21.5,PH,1601768053
334,San Isidro,-12.12,-77.05,62.6,82,90,9.17,PE,1601767913
335,Rio Grande,-32.03,-52.1,54.0,87,100,1.99,BR,1601768054
336,Sikonge,-5.63,32.77,70.61,50,16,11.41,TZ,1601768054
337,Mogadishu,2.04,45.34,78.15,88,89,11.97,SO,1601767906
338,Amazar,53.86,120.88,34.32,86,72,9.64,RU,1601768054
339,Kutum,14.2,24.67,78.75,46,79,11.77,SD,1601768054
340,Yangi Marg`ilon,40.43,71.72,51.8,53,11,9.17,UZ,1601768054
341,Kattivākkam,13.22,80.32,82.4,78,40,9.17,IN,1601767936
342,Drayton Valley,53.22,-114.99,66.0,53,15,5.01,CA,1601767897
343,Ha Giang,22.83,104.98,77.31,83,96,0.87,VN,1601768054
344,Batagay-Alyta,67.8,130.41,27.9,83,100,4.94,RU,1601768054
345,Luanda,-8.84,13.23,75.2,78,75,9.17,AO,1601768054
346,Kenai,60.55,-151.26,57.2,47,75,4.7,US,1601767987
347,Médéa,36.26,2.75,55.4,82,20,2.35,DZ,1601768055
348,Mossamedes,-15.2,12.15,67.89,68,82,8.57,AO,1601768055
349,Inírida,3.87,-67.92,75.51,94,82,3.02,CO,1601768055
350,Russell,32.35,-85.2,73.4,43,1,3.36,US,1601767812
351,Pacific Grove,36.62,-121.92,87.01,48,1,3.36,US,1601768055
352,Lerici,44.08,9.91,63.0,72,96,4.0,IT,1601768055
353,Lata,40.16,-8.33,61.0,84,48,1.99,PT,1601768055
354,Bilibino,68.05,166.44,27.66,89,90,2.95,RU,1601768055
355,Kanniyākumāri,8.08,77.57,77.56,81,26,19.51,IN,1601767807
356,Lagoa,39.05,-27.98,69.39,87,88,16.11,PT,1601768055
357,Vardø,70.37,31.11,47.7,83,59,22.24,NO,1601768055
358,Benjamin Constant,-4.38,-70.03,77.0,100,75,2.57,BR,1601768055
359,Shenjiamen,29.96,122.3,73.92,91,95,10.87,CN,1601768055
360,Savannah Bight,16.45,-85.85,84.0,74,26,9.51,HN,1601768055
361,Pangai,-19.8,-174.35,77.31,80,100,20.13,TO,1601768056
362,Acaraú,-2.89,-40.12,78.49,76,78,17.22,BR,1601768056
363,Laguna,38.42,-121.42,93.2,21,1,3.36,US,1601768056
364,Khasan,42.43,130.64,55.87,78,0,2.3,RU,1601768056
365,Westport,41.14,-73.36,62.6,45,1,6.93,US,1601767837
366,El Alto,-4.27,-81.21,62.42,90,45,17.9,PE,1601768056
367,Mitsamiouli,-11.38,43.28,76.41,81,1,3.53,KM,1601768056
368,Baruun-Urt,46.68,113.28,29.68,86,20,14.41,MN,1601768056
369,Thinadhoo,0.53,72.93,82.58,75,98,9.42,MV,1601768056
370,Phalaborwa,-23.94,31.14,64.4,100,0,3.36,ZA,1601768056
371,Tautira,-17.73,-149.15,86.0,58,20,9.17,PF,1601768056
372,Padang,-0.95,100.35,77.97,72,84,3.27,ID,1601768056
373,Bratsk,56.13,101.61,35.6,64,40,2.24,RU,1601768056
374,Jizan,17.33,42.67,82.4,74,20,3.36,SA,1601768057
375,Kudahuvadhoo,2.67,72.89,78.28,84,100,11.25,MV,1601768057
376,Okhotsk,59.38,143.3,48.04,54,97,5.97,RU,1601768057
377,Terråk,65.09,12.37,57.2,62,0,17.22,NO,1601768057
378,Naranjal,-2.67,-79.62,80.6,69,75,10.29,EC,1601767927
379,Lingao,19.91,109.69,80.8,86,68,12.62,CN,1601768057
380,Praia,14.92,-23.51,78.8,74,75,16.11,CV,1601768057
381,Los Llanos de Aridane,28.66,-17.92,73.4,78,90,17.22,ES,1601768057
382,Wajima,37.4,136.9,66.2,93,90,1.12,JP,1601768057
383,Igrim,63.19,64.42,33.49,89,73,9.31,RU,1601768057
384,Yerbogachën,61.28,108.01,31.93,98,91,8.5,RU,1601768057
385,Abu Samrah,35.3,37.18,63.1,83,0,6.29,SY,1601768058
386,Heraclea,37.51,34.05,50.5,53,0,1.54,TR,1601768058
387,Lauria,40.05,15.84,63.79,85,84,9.95,IT,1601768058
388,Taoudenni,22.68,-3.98,89.96,15,1,5.44,ML,1601768058
389,Teguise,29.06,-13.56,71.6,88,75,8.05,ES,1601768058
390,Bulgan,48.81,103.53,24.03,76,0,3.38,MN,1601768058
391,Henties Bay,-22.12,14.28,55.0,89,14,4.81,NA,1601768058
392,Port Harcourt,4.78,7.01,75.97,93,99,4.18,NG,1601767789
393,Mahon,39.89,4.27,66.2,55,0,10.29,ES,1601768058
394,Coos Bay,43.37,-124.22,69.01,100,75,16.11,US,1601768058
395,Whitehorse,60.72,-135.05,51.8,50,75,12.75,CA,1601767812
396,Tezu,27.92,96.17,75.67,70,46,2.08,IN,1601768059
397,De-Kastri,51.47,140.78,49.01,87,100,12.19,RU,1601768059
398,Zigong,29.34,104.78,65.57,88,100,3.69,CN,1601768059
399,Shubarshi,48.59,57.19,49.86,41,0,6.06,KZ,1601768059
400,Saint John,45.27,-66.07,48.0,100,40,2.24,CA,1601767968
401,Haines Junction,60.75,-137.51,47.71,63,73,13.58,CA,1601768059
402,Ambilobe,-13.2,49.05,70.59,82,27,4.85,MG,1601768059
403,Sabang,5.89,95.32,82.04,71,100,14.43,ID,1601767818
404,Ipixuna,-1.76,-48.8,73.4,94,40,3.36,BR,1601768059
405,Piaçabuçu,-10.41,-36.43,74.41,81,50,8.14,BR,1601768059
406,Itarema,-2.92,-39.92,78.75,76,85,16.98,BR,1601768059
407,General Roca,-39.03,-67.58,48.2,45,40,8.05,AR,1601768059
408,Anloga,5.79,0.9,78.8,83,20,8.05,GH,1601768059
409,Eilat,29.56,34.95,78.8,61,0,13.87,IL,1601768060
410,Wanlaweyn,2.62,44.89,76.21,86,99,8.77,SO,1601768060
411,Roald,62.58,6.13,59.0,58,11,13.87,NO,1601768060
412,Saint-Ambroise,48.55,-71.33,41.0,56,40,5.82,CA,1601768060
413,Hovorany,48.95,16.99,63.0,93,100,17.45,CZ,1601768060
414,Ryōtsu-minato,38.08,138.43,68.0,94,100,2.24,JP,1601768060
415,Margate,51.38,1.39,60.01,83,61,4.0,GB,1601767814
416,Fairbanks,64.84,-147.72,59.0,38,90,6.67,US,1601767800
417,Megion,61.03,76.11,32.0,97,75,8.95,RU,1601768060
418,Varhaug,58.61,5.65,59.0,76,83,5.99,NO,1601768060
419,Ewo,-0.87,14.82,73.2,88,2,3.83,CG,1601768060
420,Omsukchan,62.53,155.8,37.22,75,42,3.36,RU,1601768061
421,Peace River,56.25,-117.29,73.4,43,75,16.11,CA,1601767822
422,Show Low,34.25,-110.03,80.6,2,1,9.17,US,1601768061
423,Port Keats,-14.25,129.55,85.03,60,47,7.92,AU,1601768061
424,Kadoma,34.73,135.58,73.4,83,75,2.24,JP,1601768061
425,Hasaki,35.73,140.83,66.2,93,75,1.12,JP,1601768061
426,Ust'-Kan,50.93,84.76,30.97,87,0,3.96,RU,1601768061
427,Alofi,-19.06,-169.92,78.8,83,100,16.11,NU,1601768061
428,Aitape,-3.14,142.35,86.47,61,31,3.42,PG,1601768061
429,Kankaanpää,61.8,22.42,52.0,81,20,8.05,FI,1601768061
430,Aksu,41.12,80.26,53.29,43,40,6.11,CN,1601768061
431,Ossora,59.24,163.07,45.95,54,50,1.86,RU,1601768061
432,Arlit,18.74,7.39,95.43,19,47,7.76,NE,1601768062
433,Broome,42.25,-75.83,48.2,49,1,3.36,US,1601768062
434,Mangan,27.52,88.53,73.63,49,100,2.13,IN,1601768062
435,Alberton,46.82,-64.07,52.47,72,23,1.59,CA,1601768062
436,Ilhéus,-14.79,-39.05,70.75,90,0,5.95,BR,1601768062
437,Poum,-20.23,164.02,70.92,68,2,9.06,NC,1601768062
438,Mombetsu,44.35,143.35,64.0,83,2,5.99,JP,1601768062
439,Innisfail,-17.53,146.03,76.84,64,59,13.71,AU,1601768062
440,Shihezi,44.3,86.03,46.83,50,61,3.4,CN,1601768062
441,Payson,40.04,-111.73,81.0,23,1,5.82,US,1601767998
442,Puerto Cabezas,14.04,-83.39,86.0,79,75,4.7,NI,1601768062
443,Beloha,-25.17,45.05,62.64,83,40,9.71,MG,1601768063
444,Valdivia,-39.81,-73.25,55.4,50,77,4.7,CL,1601767920
445,Karur,10.95,78.08,76.66,72,82,10.27,IN,1601768063
446,Rocha,-34.48,-54.33,45.05,79,50,7.7,UY,1601768063
447,Phalodi,27.13,72.37,82.53,45,0,7.85,IN,1601768063
448,Blackfoot,43.19,-112.34,75.2,19,1,3.36,US,1601768063
449,Quatre Cocos,-20.21,57.76,71.6,94,75,3.36,MU,1601768063
450,Namalenga,-10.95,39.1,67.01,90,0,3.51,TZ,1601768063
451,Puerto Ayacucho,5.66,-67.62,79.16,84,77,2.1,VE,1601768063
452,Navoiy,40.08,65.38,48.2,57,18,6.93,UZ,1601768064
453,Bubaque,11.28,-15.83,81.28,78,92,10.69,GW,1601768064
454,Srandakan,-7.94,110.25,78.6,80,59,9.01,ID,1601768064
455,Tutóia,-2.76,-42.27,79.72,78,63,13.89,BR,1601768064
456,Kanjiža,46.07,20.05,64.4,72,91,4.7,RS,1601768064
457,Ust-Kuyga,70.02,135.6,31.42,85,92,10.18,RU,1601768064
458,Wakkanai,45.41,141.67,61.02,62,0,16.84,JP,1601768064
459,Charlottetown,46.24,-63.13,50.0,100,20,2.19,CA,1601768064
460,Oistins,13.07,-59.53,82.4,78,40,14.99,BB,1601768064
461,Port Lincoln,-34.73,135.87,54.52,91,100,19.1,AU,1601768064
462,Doha,25.29,51.53,86.0,84,0,2.24,QA,1601767957
463,São Filipe,14.9,-24.5,78.6,76,2,13.76,CV,1601768064
464,Mahanoro,-19.9,48.8,70.29,89,63,2.89,MG,1601768064
465,Najrān,17.49,44.13,69.8,26,0,2.17,SA,1601768065
466,San Juan,-31.54,-68.54,54.84,43,79,12.5,AR,1601768065
467,Eureka,40.8,-124.16,60.01,93,90,5.82,US,1601767965
468,Paraná,-31.73,-60.52,51.08,57,100,12.39,AR,1601768065
469,Moose Factory,51.26,-80.61,37.4,69,90,3.36,CA,1601768065
470,Ilulissat,69.22,-51.1,30.2,80,99,3.29,GL,1601768065
471,Sambava,-14.27,50.17,73.24,83,76,7.0,MG,1601768065
472,College,64.86,-147.8,59.0,47,75,12.06,US,1601768065
473,Camacha,33.08,-16.33,69.8,77,40,12.75,PT,1601768065
474,At-Bashi,41.17,75.81,39.16,67,87,0.67,KG,1601768065
475,Madīnat Sittah Uktūbar,29.82,31.05,73.4,73,0,9.17,EG,1601768065
476,Werda,-25.27,23.28,60.13,25,0,9.22,BW,1601768065
477,Kargasok,59.06,80.86,38.79,91,74,10.2,RU,1601768066
478,Imeni Poliny Osipenko,52.42,136.49,45.66,91,100,11.86,RU,1601768066
479,Bucerías,20.75,-105.33,87.8,58,5,9.17,MX,1601768066
480,Pital,2.27,-75.8,69.42,77,79,3.71,CO,1601768066
481,Ayan,56.45,138.17,47.23,61,100,9.93,RU,1601768066
482,Touros,-5.2,-35.46,77.0,83,91,9.17,BR,1601768066
483,Chumikan,54.72,135.31,45.59,74,100,10.0,RU,1601768066
484,Blagoveshchenka,52.83,79.87,42.8,64,64,11.86,RU,1601768066
485,Joinville,-26.3,-48.85,61.0,92,100,1.01,BR,1601768066
486,Salina Cruz,16.17,-95.2,81.93,58,21,22.44,MX,1601768066
487,Assiut,27.18,31.18,80.6,44,0,9.17,EG,1601768066
488,Khovu-Aksy,51.13,93.6,27.81,87,0,3.76,RU,1601768067
489,Saint-Joseph,-21.37,55.62,71.6,78,90,14.99,RE,1601768067
490,Douglas,41.3,-96.17,57.2,58,90,5.19,US,1601767848
491,Avanigadda,16.02,80.92,78.19,81,100,4.79,IN,1601768067
492,Port Blair,11.67,92.75,81.23,81,100,10.58,IN,1601767866
493,Peniche,39.36,-9.38,57.99,87,28,1.01,PT,1601768067
494,Shalakusha,62.22,40.25,38.86,96,3,5.12,RU,1601768067
495,Tateyama,34.98,139.87,75.2,69,75,4.7,JP,1601768067
496,Sarangani,5.4,125.46,84.45,76,100,11.81,PH,1601768067
497,Kumul,42.8,93.45,52.72,34,94,5.53,CN,1601768067
498,Muisne,0.6,-80.03,74.16,83,89,7.54,EC,1601768067
499,Tashla,51.77,52.74,50.76,81,0,6.69,RU,1601768067
500,Payo,-3.75,103.64,76.01,77,100,1.54,ID,1601768068
501,Siderno,38.28,16.3,75.0,74,96,13.24,IT,1601768068
502,Sri Aman,1.24,111.46,75.2,94,100,1.12,MY,1601768068
503,Lompoc,34.64,-120.46,80.6,50,1,13.87,US,1601767967
504,Waingapu,-9.66,120.26,83.61,56,93,8.03,ID,1601768068
505,Nakamura,32.98,132.93,77.36,65,77,0.81,JP,1601768068
506,Les Escoumins,48.11,-69.02,37.96,84,66,5.59,CA,1601768068
507,Qui Nhon,13.77,109.23,80.24,82,100,6.29,VN,1601768068
508,Libertad,8.94,125.5,83.7,70,47,1.48,PH,1601768068
509,Kruisfontein,-34.0,24.73,59.0,94,72,3.0,ZA,1601768068
510,Kysyl-Syr,63.9,122.76,30.7,93,99,8.84,RU,1601768068
511,Kazachinskoye,57.7,93.28,36.95,85,99,5.59,RU,1601768068
512,Machalí,-34.18,-70.67,45.68,67,26,2.35,CL,1601768068
513,Barranca,-10.75,-77.77,60.78,87,59,9.55,PE,1601768068
514,Tessalit,20.2,1.01,89.46,30,73,6.35,ML,1601768069
515,Ust'-Koksa,50.27,85.61,32.34,90,0,1.54,RU,1601768069
516,Owando,-0.48,15.9,72.81,88,13,2.37,CG,1601768069
517,Outlook,51.5,-107.05,63.0,38,5,1.99,CA,1601768069
518,Meulaboh,4.14,96.13,76.95,80,100,8.99,ID,1601768069
519,Moree,-29.47,149.85,71.6,43,0,17.22,AU,1601767817
520,Ouadda,8.08,22.4,69.4,90,92,3.38,CF,1601768069
521,Masuguru,-11.37,38.42,71.19,80,0,3.91,TZ,1601768069
522,Fresnillo,23.17,-102.88,69.8,30,5,6.08,MX,1601768069
523,Léo,11.1,-2.1,75.13,82,41,4.54,BF,1601768069
524,Merauke,-8.47,140.33,83.62,72,99,9.53,ID,1601768069
525,Mporokoso,-9.37,30.12,63.59,46,10,4.52,ZM,1601768069
526,Alice Springs,-23.7,133.88,86.0,9,5,24.16,AU,1601768069
527,Gillette,44.29,-105.5,66.2,22,1,14.99,US,1601767909
528,Vaitape,-16.52,-151.75,79.48,75,22,18.99,PF,1601768070
529,Gaza,31.5,34.47,73.4,69,20,5.82,PS,1601768070
530,Chiang Khong,20.26,100.4,77.0,100,20,4.7,TH,1601768070
531,Port Moresby,-9.44,147.18,82.4,78,40,5.82,PG,1601768070
532,Nnewi,6.02,6.91,73.62,98,98,4.92,NG,1601768070
533,Fort Nelson,58.81,-122.7,51.8,81,75,2.01,CA,1601767838
534,Tuatapere,-46.13,167.68,48.99,96,100,10.0,NZ,1601768070
535,Vygonichi,53.1,34.07,50.79,59,86,8.88,RU,1601768070
536,Samfya,-11.36,29.56,72.27,45,1,9.6,ZM,1601768070
537,Mabaruma,8.2,-59.78,76.51,89,78,3.11,GY,1601768070
538,Balabac,7.99,117.06,83.37,77,97,12.19,PH,1601768070
539,Las Vegas,36.17,-115.14,98.6,4,1,4.7,US,1601767980
540,Kopavogur,64.11,-21.91,42.8,75,75,11.41,IS,1601768071
541,Caernarfon,53.14,-4.27,51.8,87,100,20.8,GB,1601768071
542,Copiapó,-27.37,-70.33,53.6,76,93,16.11,CL,1601768071
543,Kamina,-8.74,24.99,66.38,77,11,3.49,CD,1601768071
544,Popondetta,-8.75,148.25,89.4,52,99,2.53,PG,1601768071
545,Koumac,-20.57,164.28,75.63,52,0,12.15,NC,1601768071
546,Tura,25.52,90.22,73.15,93,56,2.28,IN,1601768071
547,La Tuque,47.43,-72.78,38.08,79,94,1.28,CA,1601767807
548,Hokitika,-42.72,170.97,56.91,88,96,11.32,NZ,1601768071
549,High Level,58.52,-117.14,64.4,48,75,3.36,CA,1601768071
550,Hudson Bay,52.85,-102.38,44.31,61,89,3.2,CA,1601768071
551,Porbandar,21.64,69.61,80.01,79,0,8.68,IN,1601768071
552,Beringovskiy,63.05,179.32,36.27,94,100,14.63,RU,1601768072
553,Dukat,62.55,155.55,35.01,82,22,2.33,RU,1601768072
554,Purranque,-40.92,-73.17,51.8,50,23,6.93,CL,1601768072
555,North Bend,43.41,-124.22,69.01,100,75,16.11,US,1601767942
556,Jūnāgarh,19.87,82.93,74.53,94,100,1.32,IN,1601768072
557,Sosenskiy,54.06,35.96,48.2,61,7,6.71,RU,1601768072
558,Sisimiut,66.94,-53.67,28.96,89,1,8.25,GL,1601768072
559,Faya,18.39,42.45,60.8,23,0,4.83,SA,1601768072
560,Jiuquan,39.74,98.52,36.16,61,5,2.89,CN,1601768072
561,Linhares,-19.39,-40.07,73.06,86,11,3.65,BR,1601768036
562,Bayan,46.08,127.4,48.0,78,100,9.82,CN,1601768072
563,Peachland,49.77,-119.74,71.6,49,1,3.36,CA,1601768072
564,Namatanai,-3.67,152.43,85.33,68,89,10.25,PG,1601768072
565,Ilām,26.92,87.92,65.89,94,100,2.53,NP,1601768073
566,Alegrete,-29.78,-55.79,54.07,80,100,23.31,BR,1601768073
567,Zavallya,48.21,30.02,60.55,86,100,8.84,UA,1601768073
568,Iwanai,42.97,140.51,62.4,68,34,3.13,JP,1601768073
569,Neuquén,-38.95,-68.06,48.2,45,40,8.05,AR,1601768073
570,Huambo,-12.78,15.74,62.58,75,29,2.75,AO,1601768073
571,Krasnorechenskiy,44.63,135.35,53.37,55,0,4.09,RU,1601768073
572,Copperas Cove,31.12,-97.9,82.4,37,1,11.41,US,1601768068
573,Virden,39.5,-89.77,55.0,84,100,5.99,US,1601767882
574,Amudat,1.95,34.95,70.16,68,47,1.41,UG,1601768073
575,Saint Anthony,45.02,-93.22,50.0,49,20,5.01,US,1601768074
576,Vitorino Freire,-4.07,-45.17,82.62,57,80,4.65,BR,1601768074
577,Mehamn,71.04,27.85,44.89,81,24,12.17,NO,1601768074
578,Fitioneşti,45.98,27.05,61.0,93,99,12.75,RO,1601768074
579,Srednekolymsk,67.45,153.68,33.39,83,49,9.1,RU,1601768074
580,Vestmannaeyjar,63.44,-20.27,44.94,83,100,13.31,IS,1601768074
581,Panama City,8.99,-79.52,80.6,88,40,1.12,PA,1601767881
582,Samarkand,39.65,66.96,48.2,66,76,4.7,UZ,1601768074
583,Koutsouras,35.03,25.95,72.0,71,7,1.01,GR,1601768074
584,Morros,-9.45,-46.3,81.03,18,77,3.53,BR,1601768074
585,La Orilla,17.98,-102.23,81.36,76,0,7.76,MX,1601768074
586,Davila,18.47,120.58,78.8,88,40,3.36,PH,1601768074
587,Makhachkala,42.98,47.5,57.2,87,0,6.71,RU,1601767799
588,Arman',59.7,150.17,47.25,65,99,2.55,RU,1601768075
589,Brumunddal,60.88,10.94,54.0,83,100,1.01,NO,1601768075
590,Majene,-3.54,118.97,81.91,73,98,8.84,ID,1601768075
591,Tefé,-3.35,-64.71,84.2,74,20,2.24,BR,1601768075
592,Saint-Augustin,51.23,-58.65,47.71,70,59,9.71,CA,1601768075
593,Tahe,52.33,124.73,39.18,83,100,10.2,CN,1601768075
594,Marfino,55.7,37.38,55.0,76,95,6.71,RU,1601768075
595,São Félix do Xingu,-6.64,-51.99,81.01,41,61,1.19,BR,1601768075
596,Mālūr,13.01,77.94,69.8,100,40,10.29,IN,1601768075
597,Abhā,18.22,42.51,60.8,23,0,4.72,SA,1601768075
598,Kaeo,-35.1,173.78,64.96,46,0,5.7,NZ,1601768075
599,Hervey Bay,-25.3,152.85,73.99,60,25,5.01,AU,1601768076
600,Tigwav,18.43,-72.87,84.2,66,40,23.04,HT,1601768076
601,Govlyar,40.95,45.73,64.4,77,40,9.17,AZ,1601768076
602,Tabas,33.6,56.92,73.4,26,0,4.7,IR,1601768076
603,Luena,-11.78,19.92,66.72,51,0,4.05,AO,1601768076
604,Vila Velha,-20.33,-40.29,77.0,83,0,4.7,BR,1601767889
605,Kodār,16.98,79.97,77.54,76,100,7.99,IN,1601768076
606,São Sebastião,-23.76,-45.41,72.93,91,94,8.79,BR,1601768076
607,Bontang,0.13,117.5,77.25,88,100,8.37,ID,1601768076
608,La Palma,33.85,-118.05,93.0,21,1,6.93,US,1601768074
609,Porto Walter,-8.27,-72.74,76.66,74,100,3.83,BR,1601768076
610,Ambunti,-4.24,142.84,84.29,74,80,1.63,PG,1601768077
611,Tilichiki,60.47,166.1,40.62,63,14,6.35,RU,1601768077
612,Cairns,-16.92,145.77,80.6,54,40,19.46,AU,1601767951
613,Chicontepec,20.97,-98.17,69.55,89,8,3.49,MX,1601768077
614,Kyra,49.58,111.98,28.42,84,10,7.94,RU,1601768077
615,Henderson,36.04,-114.98,97.0,5,1,4.7,US,1601767954
616,Ponta Delgada,37.73,-25.67,69.8,83,40,10.29,PT,1601768077
617,Avera,33.19,-82.53,68.0,56,1,4.7,US,1601768077
618,Jalu,29.03,21.55,82.71,27,0,11.52,LY,1601768077
619,Koungou,-12.73,45.2,77.0,83,75,4.7,YT,1601768077
620,La Unión,-5.4,-80.75,66.74,75,42,17.34,PE,1601768077
621,Hambantota,6.12,81.12,77.0,100,20,6.93,LK,1601768078
622,Marzuq,14.4,46.47,70.88,32,0,3.31,YE,1601768078
623,Half Moon Bay,37.46,-122.43,89.6,82,1,16.11,US,1601768078
624,Petropavlovsk-Kamchatskiy,53.05,158.65,42.8,75,0,4.47,RU,1601767845
625,Cuamba,-14.8,36.54,67.8,60,17,2.15,MZ,1601768078
626,Noyabrsk,63.2,75.45,30.29,95,100,23.33,RU,1601768078
627,Inhambane,-23.86,35.38,71.28,90,2,8.66,MZ,1601768078
628,Ziro,27.63,93.83,54.91,100,49,1.5,IN,1601768078
629,Koygorodok,60.45,51.0,31.35,97,6,2.93,RU,1601768078
630,Inta,66.03,60.17,30.87,96,18,6.49,RU,1601768078
631,Korla,41.76,86.15,50.74,41,0,4.34,CN,1601768079
632,Jos,9.92,8.9,64.22,88,52,3.04,NG,1601768017
633,Sistranda,63.73,8.83,57.2,62,0,17.22,NO,1601768079
634,Toucheng,24.86,121.82,82.4,78,20,5.82,TW,1601768079
635,Salamanca,40.83,-6.0,50.0,76,75,9.17,ES,1601768049
636,Erenhot,43.65,111.98,32.92,79,0,14.32,CN,1601768079
637,Malakal,9.53,31.66,73.29,88,100,3.94,SS,1601768079
638,Fujin,47.26,132.03,50.34,69,30,4.7,CN,1601768079
639,Palu,-0.89,119.87,77.95,79,100,1.59,ID,1601768079
640,Vanavara,60.34,102.28,35.06,94,100,6.46,RU,1601768079
641,Panabá,21.28,-88.27,75.24,96,100,32.35,MX,1601768079
642,Poway,32.96,-117.04,95.0,19,1,6.93,US,1601768071
643,North Branch,45.51,-92.98,48.0,70,99,6.24,US,1601768080
644,Al Bardīyah,31.76,25.09,78.64,55,17,4.59,LY,1601768080
645,Corinth,37.94,22.96,73.0,82,0,3.69,GR,1601768080
646,Yumen,40.28,97.2,33.21,68,28,11.1,CN,1601768080
647,La Romana,18.43,-68.97,77.0,94,40,6.93,DO,1601768080
648,Lanzhou,36.06,103.79,54.0,48,38,3.0,CN,1601768080
649,Bosconia,9.97,-73.88,78.1,88,84,4.47,CO,1601768080
650,Tual,-5.67,132.75,80.89,83,100,19.89,ID,1601768080
651,Palmer,42.16,-72.33,55.4,58,20,5.82,US,1601767924
652,Sunrise Manor,36.21,-115.07,98.6,4,1,3.36,US,1601767957
653,Emerald,-23.53,148.17,71.6,64,90,17.22,AU,1601768080
654,Province of Mantua,45.17,10.78,54.0,87,30,4.7,IT,1601768080
655,Köflach,47.07,15.08,62.01,93,75,2.24,AT,1601768080
656,Haukipudas,65.18,25.35,45.0,93,35,11.41,FI,1601768080
657,Baykit,61.67,96.37,39.54,89,100,5.3,RU,1601768081
658,Venado Tuerto,-33.75,-61.97,50.0,63,100,11.99,AR,1601768081
659,Tabory,58.52,64.55,31.39,95,0,6.96,RU,1601768081
660,Awjilah,29.11,21.29,83.08,26,0,11.97,LY,1601768081
661,Buchanan,5.88,-10.05,77.0,94,75,6.89,LR,1601768081
662,Anjār,23.13,70.02,77.95,84,0,7.16,IN,1601768081
663,Lakes Entrance,-37.88,147.98,81.0,36,78,11.21,AU,1601768081
664,Uyuni,-20.46,-66.83,52.47,53,63,12.86,BO,1601768081
665,Hithadhoo,-0.6,73.08,83.19,74,100,11.25,MV,1601768081
666,Kjøpsvik,68.1,16.37,52.0,80,15,3.0,NO,1601768081
667,Paamiut,61.99,-49.67,34.63,86,20,9.55,GL,1601768081
668,Menongue,-14.66,17.69,66.09,48,23,2.3,AO,1601768082
669,Imeni Morozova,59.98,31.04,57.0,46,100,8.43,RU,1601768082
670,Chaihe,44.77,129.7,50.47,68,73,6.69,CN,1601768082
671,Vologda,59.22,39.89,46.94,93,90,6.06,RU,1601768082
672,Ambulu,-8.35,113.61,78.66,78,70,0.98,ID,1601768082
673,Jieshi,22.81,115.83,81.0,80,75,6.29,CN,1601768082
674,Udachny,66.42,112.4,28.4,100,90,6.71,RU,1601768082
675,Derzhavīnsk,51.1,66.32,49.51,53,78,6.69,KZ,1601768082
676,Kearney,40.7,-99.08,62.6,41,1,10.29,US,1601768012
677,Steamboat Springs,40.48,-106.83,68.0,22,1,13.87,US,1601767856
678,Nemuro,43.32,145.57,61.54,85,93,7.38,JP,1601768082
679,Nsanje,-16.92,35.26,70.9,74,39,3.96,MW,1601768082
680,Shahrud,36.42,54.98,55.29,46,1,5.79,IR,1601768082
681,Karuzi Province,-3.12,30.13,62.49,64,4,1.99,BI,1601768082
682,Sobolevo,54.43,31.9,51.39,62,92,12.57,RU,1601768083
683,Synya,65.37,58.04,29.75,98,0,3.8,RU,1601768083
684,Fayaoué,-20.65,166.53,72.61,74,3,22.82,NC,1601768083
685,Verkhnyaya Inta,65.98,60.31,30.52,96,36,6.04,RU,1601768083
686,Zhaoyang,42.68,126.03,43.36,82,99,17.92,CN,1601768083
687,Sola,-13.88,167.55,78.76,79,30,20.22,VU,1601768083
688,Nevel',56.02,29.93,54.66,62,100,10.58,RU,1601768083
689,Antalaha,-14.9,50.28,69.33,88,16,5.03,MG,1601768083
690,Copacabana,6.35,-75.51,60.8,93,40,3.36,CO,1601767805
